OBJECTID,NAME,ADDRESS,USE_TYPE,PROPID,ACTIVE,DIAMOND60,DIAMOND90,BBCOURT,FBFIELD,SOCCERJR,SOCCERREG,TENNISCT,VOLLEYB,SKATEPARK,WOODLAND,VSTRSHCAN,DMPSTR,PICNIC,PLYGRD,TOTLOT,INSWIM,OUTSWIM,SPRAYPARK,UTILBX,TRAFPOLE,UTILPOLE,BUSSTP,LOCK_,NMZ,DRINKFOUNT,BENCHES,ATHLIGHT,LNDSCPBED,TOTIMPV,SIGNS,TURFONLY,FENCE,TOPO,COMMGAR,WARD,AREA_,ZONE_,PARKPARTN,RES_NUM,ADJ_SCHOOL_SITE,SSL,COMMENTS,SHAPE_Length,SHAPE_Area
1,Joe Cole,"Montello Ave. and Morse St., NE",REC CENTER GROUNDS,DPR0708,Y,0,0,0,0,0,0,0,0,N,N,5,1,2,1,1,0,0,N,0,0,0,N,,N,0,3,Nne,Nne,Nne,RpLACE,Gd,Nne,MdSlp,N,5,,11,N,0708,Wheatley Elementary School,4066    0822,(TOJ for Recreation Purposes),402.33670440987,7107.10760132043
2,Trinidad,"Trinidad Ave., at Childress St., NE",REC CENTER GROUNDS,DPR0615,Y,0,0,0,0,0,0,0,0,N,N,0,0,0,0,0,0,0,,0,0,0,,,,0,0,,,,,,,,N,5,,11,,0615,none,RES 06150000,Subdivision Book 152 Page 138 (TOJ for Recreation Purposes),590.753734311423,21615.0622696025
3,Boathouse Row,"Anacostia River (Both Banks) between John Phillip Sousa & 11th St. Bridges, SE",PARK,DPR,Y,,,,,,,,,,,,,,,,,,,,,,,,,,,,,,,,,,,,,,N,343D,none,RES 343D0000,"Federal Government and the District of Columbia Conveyances and Transfers in Public Law 109-396 (Partial TOJ for Rec,Park, and Open Space)",2626.53088415154,52253.0818397095
4,Jefferson Field,"7th and 9th Sts., to G and H Sts., SW",PARK,DPR0626,Y,,1,,,,,2,,,,,,,,,,,,,,,,,,,,,,,,,,,N,6,,05,,0626,Jefferson Junior High School,0414    0825,Subdivision Book 158 Page 37 (TOJ for Recreation Purposes),488.595788025517,14475.1937205842
5,Fort Stevens,"Luzon Ave., between Van Buren and 13th Sts., NW",REC CENTER GROUNDS,DPR0631,Y,2,0,3,0,0,1,4,0,N,Y,10,1,7,1,1,0,0,N,,,,Y,,Y,3,20,RpAIR,Nne,Nw,RpLACE,Pr,ChnLnk,MdSlp,N,4,,09,,0631,none,,Subdivision Book 162 Page 2 (TOJ for Recreation Purposes),774.642428354931,31997.5408425452
6,Kingsman Field,"14th St. and Tennessee Ave., NE",PARK,DPR0663,Y,2,0,0,0,0,0,0,0,N,N,0,0,0,0,0,0,0,N,0,0,0,,,N,1,7,Nne,,Nne,RpLACE,RpLACE,ChnLnk,Flt,N,6,,12,N,0663,Kingsman,,,298.857000000775,4323.00600748114
7,Mitchell Playground,"23rd & S Sts., NW",PARK,DPR0672,Y,1,0,1,0,0,0,1,0,N,N,8,0,4,1,1,0,0,N,0,0,0,,,N,2,22,Nne,Pr,Nw,RpLACE,Gd,ChnLnk,Flt,N,2,,04,Y,0672,none,,Subdivision Book 162 Page 1 (TOJ for Recreation Purposes),367.126194357998,7482.89578113395
8,Benning Recreation Center,"East Capitol St., between Burns & B Sts., SE",REC CENTER GROUNDS,DPR0706,Y,1,0,4,0,0,0,0,0,N,Y,0,1,8,1,0,0,0,Y,1,0,0,N,,Y,1,7,RpAIR,RpAIR,RpAIR,RpLACE,Gd,ChnLnk,MdSlp,N,7,,14,N,0706,none,<Null>,Subdivision Book 152 Page 132 (TOJ for Recreation Purposes),1134.30193429392,53419.3191774509
9,Monroe Park,"11th and Monroe Sts., NW",PARK,DPR2005,Y,,,,,,,,,,,,,,1,,,,,,,,,,,,,,,,,,,,N,1,,04,,none,none,<Null>,,148.611309251398,1246.27223600037
10,Twin Oaks Garden,"14th and Taylor Sts., NW",PARK,DPR2011,Y,,,,,,,,,,,,,,,,,,,,,,,,,,,,,,,,,,Y,4,,09,,none,Powell Elementary School,<Null>,"Survey Book 91, Page 119",240.538292778054,1758.70821617434
11,Rosedale,"17th and Gales Sts., NE",REC CENTER GROUNDS,DPR2017,Y,1,1,2,0,0,0,2,0,N,N,0,1,4,1,0,0,1,N,0,0,0,,,N,0,2,Nw,RpLACE,Nw,RpLACE,RpAIR,ChnLnk,Flt,N,6,,12,N,none,Gibbs Elementary School,<Null>,,554.382386285732,19198.9017409956
12,Arboretum,"24th St. and Rand Pl., NE",REC CENTER GROUNDS,DPR2022,Y,0,0,1,0,0,0,2,0,N,Y,0,1,7,1,0,0,0,Y,0,0,0,N,,N,0,0,Nne,Nne,RpAIR,RpLACE,Gd,Nne,Flt,N,5,,11,N,none,none,<Null>,,445.697327241192,10133.402966174
13,Westminster Playground,"907 Westminster St., NW",PARK,DPR2035,Y,,,,,,,,,,,,,,1,1,,,,,,,,,,,,,,,,,,,N,1,,05,,none,none,<Null>,,96.0121250003576,574.839131634402
14,   ,"Missouri Ave., between Madison Ave. & 7th Sts., NW",TRIANGLE,DPR0347,Y,,,,,,,,,,,,,,,,,,,,,,,,,,,,,,,,,,,4,,09,,0347,none,3205    0802,,252.070079357511,2649.50423859072
15,   ,"Nevada Ave.,Broadbranch Rd.,Chapel Rd.,NW",TRIANGLE,DPR2083,Y,,,,,,,,,,,,,,,,,,,,,,,,,,,,,,,,,,,3,,01,,0515,none,RES 05150000,(Partial TOJ to NPS - 30th Street NW) ,114.525926354684,779.456847431173
16,Linnean Park,"Linnean Ave. and Broad Branch Rd., NW",PARK,DPR0625,Y,,,,,,,,,,Y,,,,,,,,,,,,,,,,,,,,,,,,N,3,,01,,0625,none,<Null>,Subdivision Book 162 Page 2 (TOJ for Recreation Purposes),1013.74933082871,22219.3766141876
17,Stead,"15th and 16th Sts., to P & Church Sts., NW",REC CENTER GROUNDS,DPR0660,Y,1,0,2,0,0,0,0,0,N,N,4,0,1,1,1,0,0,N,0,0,0,Y,,N,1,8,RpAIR,RpAIR,Nw,RpLACE,Pr,ChnLnk,Flt,N,2,,04,,0660,none,0180    0813,(TOJ for Recreation Purposes),330.211877632899,6419.81001807164
18,   ,"Chevy Chase Parkway,Chevy Chase Parkway,Oliver St.,NW",TRIANGLE,DPR0535,Y,,,,,,,,,,,,,,,,,,,,,,,,,,,,,,,,,,,3,,01,,0535,none,RES 04220000,TOJ for Comp Plan,98.6718763789753,411.765606122636
19,   ,"14th St., between Underwood St. & Luzon Ave., NW",TRIANGLE,DPR0648,Y,,,,,,,,,,,,,,,,,,,,,,,,,,,,,,,,,,,4,,09,,0648,none,PAR 00880225,TOJ for Comp Plan,102.140274763415,444.907415186337
20,Sherwood,"9th and 10th Sts., to F and G Sts., NE",REC CENTER GROUNDS,DPR0552,Y,0,0,1,0,0,0,1,0,N,N,3,1,0,0,0,0,0,N,0,0,0,N,,N,0,0,,Pr,Nw,RpLACE,Pr,Ir,Flt,N,6,,12,,0552,Madison,RES 05520000,Subdivision Book 158 Page 37 (TOJ for Recreation Purposes),360.731624998152,7750.93611726479
21,Bishop Lalossu Memorial Park,"Massachusetts Ave.,36th St.,Garfield St.,NW",TRIANGLE,DPR0330,Y,,,,,,,,,,,,,,,,,,,,,,,,,,,,,,,,,,,3,,02,,0330,none,1942W   0800,TOJ for Comp Plan,111.809492727678,535.631450062446
22,   ,"Massachusetts Ave.,35th St.,Fulton,NW",TRIANGLE,DPR0328,Y,,,,,,,,,,,,,,,,,,,,,,,,,,,,,,,,,,,3,,02,,0328,none,RES 03280000,Subdivision Book 162 Page 2 (TOJ for Recreation Purposes),240.512395603227,2544.55815052989
23,   ,"Massachusetts Ave.,36th St.,Fulton,NW",TRIANGLE,DPR0329,Y,,,,,,,,,,,,,,,,,,,,,,,,,,,,,,,,,,,3,,03,,0329,none,RES 03290000,Subdivision Book 162 Page 2 (TOJ for Recreation Purposes),193.107897053743,1626.20167635755
24,   ,"Woodley Rd. & 29th St., NW",TRIANGLE,DPR0532,Y,,,,,,,,,,,,,,,,,,,,,,,,,,,,,,,,,,,3,,02,,0532,none,RES 05320000,TOJ for Comp Plan,89.736378030398,394.837669548948
25,   ,"Quarry Rd.,18th St.,Harva Rd. St.,NW",TRIANGLE,DPR0309H,Y,,,,,,,,,,,,,,,,,,,,,,,,,,,,,,,,,,,1,,04,,309H,none,RES 309H0000,TOJ for Comp Plan,88.3911139056108,379.988668658865
26,Kalorama Park,"Kalorama Rd., between Columbia Rd. & 19th St., NW",REC CENTER GROUNDS,DPR0655,Y,0,0,2,0,0,0,0,0,N,N,3,1,0,1,1,0,0,N,0,0,0,N,,N,0,18,Nne,RpAIR,Nw,RpLACE,RpAIR,ChnLnk,MdSlp,Y,1,,04,Y,0655,none,2550    0818,(TOJ for Recreation Purposes),464.701645772927,12830.1563193205
27,   ,"Columbia Rd.,19th St.,Kalorama Rd.,NW",TRIANGLE,DPR0305A,Y,,,,,,,,,,,,,,,,,,,,,,,,,,,,,,,,,,,1,,04,,305A,none,2550S   0800,TOJ for Comp Plan,90.2321556155145,360.551860163141
28,   ,"New Hampshire Ave.,17th St.,T St.,NW",TRIANGLE,DPR0145,Y,,,,,,,,,,,,,,,,,,,,,,,,,,,,,,,,,,,2,,04,,0145,none,RES 01450000,TOJ for Comp Plan,97.3692169932228,393.101631920835
29,   ,"New Hampshire Ave.,17th St.,S St.,NW",TRIANGLE,DPR0144,Y,,,,,,,,,,,,,,,,,,,,,,,,,,,,,,,,,,,2,,04,,0144,none,RES 01440000,TOJ for Comp Plan,162.882227134132,1100.04132246176
30,   ,"Lincoln Rd.,2nd St. ,Channing St.,NE",TRIANGLE,DPR0393,Y,,,,,,,,,,,,,,,,,,,,,,,,,,,,,,,,,,,5,,10,,0393,none,RES 03930000,TOJ for Comp Plan,173.985661253255,821.08374822299
31,   ,"6th St., between Evarts & Edgewood Sts., NE",TRIANGLE,DPR0513,Y,,,,,,,,,,,,,,,,,,,,,,,,,,,,,,,,,,,5,,10,,0513,none,RES 05130000,TOJ for Comp Plan,157.415637098718,980.200644455227
32,   ,"Lincoln Rd.,4th St.,Franklin St.,NE",TRIANGLE,DPR0674,Y,,,,,,,,,,,,,,,,,,,,,,,,,,,,,,,,,,,5,,10,,0674,none,RES 06740000,Subdivision Book 162 Page 2 (TOJ for Recreation Purposes),381.090930893339,6495.44139478141
33,Anna J. Cooper Circle,"T and 3rd Streets, NW",CIRCLE,DPR0311,Y,,,,,,,,,,,,,,,,,,,,,,,,,,,,,,,,,,,1,,04,,0311,none,RES 03110000,TOJ for Comp Plan,95.6119823739856,727.469486140829
34,   ,"Rhode Island Ave.,14th St.,Brentwood Rd.,NE",TRIANGLE,DPR0376,Y,,,,,,,,,,,,,,,,,,,,,,,,,,,,,,,,,,,5,,10,,0376,none,RES 03760000,TOJ for Comp Plan,178.029115599907,1386.12145254001
35,   ,"Gira Rd. St.,16th St.,Brentwood Rd.,NE",TRIANGLE,DPR0313F,Y,,,,,,,,,,,,,,,,,,,,,,,,,,,,,,,,,,,5,,10,,313F,none,RES 313F0000,TOJ for Comp Plan,95.579666832472,403.884184261982
36,   ,"Bladensburg Rd.,28th St.,Douglas St.,NE",TRIANGLE,DPR0313E,Y,,,,,,,,,,,,,,,,,,,,,,,,,,,,,,,,,,,5,,11,,313E,none,RES 313E0000,TOJ for Comp Plan,137.628633305384,800.756816968911
37,   ,"Bladensburg Rd.,30th St.,Douglas St.,NE",TRIANGLE,DPR0313D,Y,,,,,,,,,,,,,,,,,,,,,,,,,,,,,,,,,,,5,,11,,313D,none,RES 313D0000,TOJ for Comp Plan,109.412570000529,513.030206661207
38,   ,"South Dakota Ave., between 20th & Otis Sts., NE",TRIANGLE,DPR0375,Y,,,,,,,,,,,,,,,,,,,,,,,,,,,,,,,,,,,5,,10,,0375,none,RES 03750000,TOJ for Comp Plan,127.698419299742,691.122330872671
39,   ,"South Dakota Ave., between Randolph & 19th Sts., NW",TRIANGLE,DPR0582,Y,,,,,,,,,,,,,,,,,,,,,,,,,,,,,,,,,,,5,,11,,0582,none,RES 05820000,TOJ for Comp Plan,100.292144900787,604.084406730248
40,   ,"Michigan Ave.,12th St.,Shephe Rd. St.,NE",TRIANGLE,DPR0322B,Y,,,,,,,,,,,,,,,,,,,,,,,,,,,,,,,,,,,5,,10,,322B,none,RES 322B0000,TOJ for Comp Plan,200.856814516851,1723.91941542863
41,   ,"New Hampshire Ave.,Sherman Ave.,Park Place,NW",TRIANGLE,DPR0323A,Y,,,,,,,,,,,,,,,,,,,,,,,,,,,,,,,,,,,1,,04,,323A,none,RES 323A0000,TOJ for Comp Plan,134.574877542387,784.858414280707
42,   ,"Mt. Pleasant St.,17th St.,Lamont St.,NW",TRIANGLE,DPR0309,Y,,,,,,,,,,,,,,,,,,,,,,,,,,,,,,,,,,,1,,04,,0309,none,RES 03090000,TOJ for Comp Plan,113.125118951702,558.912477462923
43,   ,"Rock Creek Church Rd.,5th St.,Quincy St.,NW",TRIANGLE,DPR0321,Y,,,,,,,,,,,,,,,,,,,,,,,,,,,,,,,,,,,4,,10,,0321,none,RES 03210000,TOJ for Comp Plan,168.166835509632,764.63895599002
44,   ,"Kansas Ave.,13th St.,Quincy St.,NW",TRIANGLE,DPR0323E,Y,,,,,,,,,,,,,,,,,,,,,,,,,,,,,,,,,,,4,,09,,323E,none,RES 323E0000,TOJ for Comp Plan,123.541629626406,591.185161401231
45,   ,"Ogden St.,14th St.,Oak St.,NW",TRIANGLE,DPR0310B,Y,,,,,,,,,,,,,,,,,,,,,,,,,,,,,,,,,,,1,,04,,310B,none,RES 310B0000,TOJ for Comp Plan,78.6721027376867,303.310908705554
46,16th Street Playground,"16th and Lamont Sts., NW",REC CENTER GROUNDS,DPR0579,Y,1,0,1,0,0,1,2,0,N,N,,,,1,0,0,0,,,,,,,,,,,,,,,,,N,1,,04,,0579,Lincoln Middle School,<Null>,"Subdivision 152, Page 140.  TOJ to DC for recreation purposes",455.851448767465,11821.0598483588
47,   ,"Georgia Ave.,9th St.,Upshur St.,NW",TRIANGLE,DPR0318,Y,,,,,,,,,,,,,,,,,,,,,,,,,,,,,,,,,,,4,,10,,0318,none,RES 03180000,TOJ for Comp Plan,194.214624527184,761.136905711991
48,Spring Valley Park,"49th St. and Fordham Rd., south of Quebec St., NW",PARK,DPR0543,Y,,,,,,,,,,Y,,,,,,,,,,,,,,,,,,,,,,,,N,3,,03,,0543,none,1474    0805,Subdivision Book 162 Page 2 (TOJ for Recreation Purposes),841.06748456649,10925.4154213053
49,   ,"Massachusetts Ave.,47th St. ,Upton St.,NW",TRIANGLE,DPR0353,Y,,,,,,,,,,,,,,,,,,,,,,,,,,,,,,,,,,,3,,03,,0353,none,RES 03530000,TOJ for Comp Plan,142.681998914879,895.743656038367
50,   ,"Massachusetts Ave.,50th St.,Yuma St.,NW",TRIANGLE,DPR0350,Y,,,,,,,,,,,,,,,,,,,,,,,,,,,,,,,,,,,3,,03,,0350,none,RES 03500000,Subdivision Book 162 Page 2 (TOJ for Recreation Purposes),212.167005703508,1928.39224254987
51,Virginia Avenue,"L St., between 9th and 11th Sts., SE",REC CENTER GROUNDS,DPR0126,Y,0,0,1,0,0,0,0,0,N,N,0,0,0,1,0,0,0,N,0,0,0,N,,N,0,0,,RpLACE,RpLACE,,RpAIR,ChnLnk,Flt,N,6,,12,N,0126,none,0952    0805,Subdivision Books (158 & 169) Pages (11 & 65) (TOJ for Recreation Purposes),427.743507468748,9645.61374091217
52,Book Hill Park,"Wisconsin Ave. and R St., NW",PARK,DPR0325,Y,,,,,,,,,,,,,,,,,,,,,,,,,,,,,,,,,,N,2,,03,,0325,none,RES 06560000,Subdivision Book 162 Page 1 (TOJ for Recreation Purposes),250.739364614131,2510.65713073776
53,Hobart Twins Park,"Hobart Pl. and Harvard St., west of Georgia Ave., NW",PARK,DPR0331,Y,,,,,,,,,,,,,,,,,,,,,,,,,,,,,,,,,,N,1,,04,,"0331,331A",none,<Null>,Subdivision Book 162 Page 2 (TOJ for Recreation Purposes),131.673872477734,535.12233729771
54,Carolina Park,"Manning Place and Macomb Streets, south of Sherier",PARK,DPR0400,Y,,,,,,,,,,Y,,,,1,,,,,,,,,,,,,,,,,,,,N,3,,03,,"0400,0401",none,<Null>,Subdivision Book 158 Page 50 (TOJ for Recreation Purposes),428.078659084926,5184.12450284704
55,Shepherd Field,"Kalmia and Jonquil Sts., NW",PARK,DPR0437,Y,,,,,,1,,,,,,,,,1,,,,,,,,,,,,,,,,,,,N,4,,09,,0437,Shepherd Elementary School,<Null>,Subdivision Book 158 Page 37 (TOJ for Recreation Purposes),557.571448941181,18293.5858591077
56,Georgetown Playground,"Volta Pl. & Q St., to 33rd & 34th Sts., NW",REC CENTER GROUNDS,DPR0472,Y,1,0,2,0,0,0,2,0,N,N,4,0,5,1,1,0,1,N,0,0,0,N,,N,2,0,Nne,Gd,Nw,RpLACE,RpLACE,ChnLnk,Flt,N,2,,03,,0472,none,<Null>,Subdivision Book 162 Page 1 (TOJ for Recreation Purposes),407.047065632743,10275.570741595
57,Alger Park,"31st and W Sts., to Park and Hillcrest Drs., SE",PARK,DPR0489,Y,,,,,,,,,,Y,,,,,,,,,,,,,,,,,,,,,,,,N,7,,07,,0489,none,RES 04890000,Subdivision Book 158 Page 50 (TOJ for Recreation Purposes),1062.28261592431,29645.8783464597
58,Randall,"west of S. Capitol St., between G and K Sts., SW",REC CENTER GROUNDS,DPR0484,Y,1,1,2,0,0,0,3,0,N,N,2,1,2,1,1,0,1,N,0,0,0,Y,,N,1,22,RpAIR,RpLACE,RpLACE,RpLACE,Pr,ChnLnk,Flt,N,6,,05,,0484,Randall,RES 04840000,Subdivision Book 158 Page 11 (TOJ for Recreation Purposes),794.557203598985,35056.340454733
59,   ,"Chesapeake St., east of Linnean Ave., NW",CIRCLE,DPR0538,Y,,,,,,,,,,,,,,,,,,,,,,,,,,,,,,,,,,,3,,01,,0538,none,RES 05380000,TOJ for Comp Plan,22.6103933807264,40.6807042530693
60,   ,"Arkansas Ave.,13th St.,Emerson St.,NW",TRIANGLE,DPR0312D,Y,,,,,,,,,,,,,,,,,,,,,,,,,,,,,,,,,,,4,,09,,312D,none,RES 312D0000,TOJ for Comp Plan,192.349838398802,1467.38344357715
61,   ,"Arkansas Ave.,Georgia Ave.,Farragut St.,NW",TRIANGLE,DPR0312E,Y,,,,,,,,,,,,,,,,,,,,,,,,,,,,,,,,,,,4,,09,,312E,none,RES 312E0000,TOJ for Comp Plan,134.441302724843,775.982407654263
62,   ,"Illinois Ave.,9th St.,Ingraham St.,NW",TRIANGLE,DPR0312H,Y,,,,,,,,,,,,,,,,,,,,,,,,,,,,,,,,,,,4,,09,,312H,none,RES 312H0000,TOJ for Comp Plan,98.8132711414325,335.905734912626
63,   ,"Illinois Ave.,9th St.,Gallatin St.,NW",TRIANGLE,DPR0312C,Y,,,,,,,,,,,,,,,,,,,,,,,,,,,,,,,,,,,4,,09,,312C,none,RES 312C0000,TOJ for Comp Plan,253.191343204973,2274.94940013803
64,Emery,"Georgia Ave. and Madison St., NW",REC CENTER GROUNDS,DPR2061,Y,1,0,1,0,0,0,1,0,N,Y,5,2,1,1,1,0,0,N,,,,N,,Y,1,3,Nw,Pr,Nw,RpLACE,Pr,Ir,MdSlp,Y,4,,09,,none,none,2988    0802,,761.632771728658,36107.3979919677
65,   ,"New Hampshire Ave.,3rd St.,Decatur St.,NW",TRIANGLE,DPR0585,Y,,,,,,,,,,,,,,,,,,,,,,,,,,,,,,,,,,,4,,10,,0585,none,RES 05850000,TOJ for Comp Plan,90.9798176541736,331.214624966495
66,   ,"New Hampshire Ave., between 4th & Buchanan Sts., NW",TRIANGLE,DPR0413,Y,,,,,,,,,,,,,,,,,,,,,,,,,,,,,,,,,,,4,,10,,0413,none,RES 04130000,TOJ for Comp Plan,80.3807995109998,259.254899770695
67,   ,"Kansas Ave.,5th St.,Farragut St.,NW",TRIANGLE,DPR0526,Y,,,,,,,,,,,,,,,,,,,,,,,,,,,,,,,,,,,4,,09,,0526,none,RES 05260000,TOJ for Comp Plan,84.9945969230601,363.389071492632
68,   ,"New Hampshire Ave.,7th St.,Taylor St.,NW",TRIANGLE,DPR0319,Y,,,,,,,,,,,,,,,,,,,,,,,,,,,,,,,,,,,4,,10,,0319,none,RES 03190000,TOJ for Comp Plan,138.298420735358,764.351210096315
69,   ,"18th St. and Argyle Terr., NW",SMALL PARK,DPR0505,Y,,,,,,,,,,,,,,,,,,,,,,,,,,,,,,,,,,,4,,09,,0505,none,RES 05050000,Subdivision Book 162 Page 2 (TOJ for Recreation Purposes),129.063577748125,805.510743098042
70,   ,Park Rd. and 19th St. NW,SMALL PARK,DPR0310C,Y,,,,,,,,,,,,,,,,,,,,,,,,,,,,,,,,,,,1,,04,,310C,none,RES 310C0000,Subdivision Book 162 Page 2 (TOJ for Recreation Purposes),111.058242387166,616.821696148165
71,   ,"34th St., between Ordway St. & Reno Rd., NW",TRIANGLE,DPR0533,Y,,,,,,,,,,,,,,,,,,,,,,,,,,,,,,,,,,,3,,02,,0533,none,RES 05330000,TOJ for Comp Plan,119.406922737963,485.19280129504
72,Marvin Caplan Memorial Park,"Alaska Ave.,13th St.,Holly St.,NW",TRIANGLE,DPR0340,Y,,,,,,,,,,,,,,,,,,,,,,,,,,,,,,,,,,,4,,09,,0340,none,RES 03400000,Subdivision Book 162 Page 2 (TOJ for Recreation Purposes),164.098455635098,1178.23210302242
73,Pinehurst Circle ,"Western Ave and Pinhurst Circle, NW",PARK,DPR0564,Y,,,,,,,,,,,,,,,,,,,,,,,,,,,,,,,,,,N,4,,01,,0564,none,RES 05640000,TOJ for Comp Plan,187.777141648049,1932.09614725929
74,Plymouth Circle,"Plymouth St. & Parkside Ln., NW",CIRCLE,DPR0616,Y,,,,,,,,,,,,,,,,,,,,,,,,,,,,,,,,,,,4,,09,,0616,none,RES 06160000,TOJ for Comp Plan,66.8789622646306,355.933276071367
75,   ,"Plymouth Street at Sudbury Lane, NW",MEDIAN,DPR0566,Y,,,,,,,,,,,,,,,,,,,,,,,,,,,,,,,,,,,4,,09,,0566,none,RES 5660000,TOJ for Comp Plan,146.656960749574,1204.55346648943
76,Lamond,"Kansas Ave., between Underwood and Tuckerman Sts., NW",REC CENTER GROUNDS,DPR0685,N,1,0,0,0,0,0,0,0,N,N,0,0,0,1,0,0,0,,0,0,0,,,,0,0,,,,,,,,N,4,,09,,0685,none,RES 06850000,Subdivision Books (158 & 198) Pages (37 & 170) (TOJ for Recreation Purposes),414.525985700389,10516.2533391812
77,Riggs Road Playground,"Riggs Road & Nicholson St., NE",REC CENTER GROUNDS,DPR0665,Y,1,0,0,1,0,0,0,0,N,N,0,0,0,1,0,0,1,N,0,0,0,Y,,N,0,2,Nw,RpLACE,RpLACE,RpLACE,Pr,ChnLnk,Flt,N,4,,10,N,0665,LaSalle Elementary School,RES 06650000,Subdivision Books (136 & 152) Pages (183 & 136) (TOJ to DC for Recreation & school purposes),641.452462010139,19212.0754528282
78,Rudolph,"Ingraham and Hamilton Sts., to 2nd & 3rd Sts., NW",REC CENTER GROUNDS,DPR0517,Y,2,0,4,0,0,0,0,0,N,N,0,0,0,1,0,0,0,N,0,0,0,N,,N,1,2,RpLACE,RpLACE,RpLACE,RpLACE,Pr,ChnLnk,Flt,N,4,,10,N,0517,Rudolph Elementary School,3327    0800,Subdivision Books (141 & 149) Pages (125 & 170) (TOJ to DC for school purposes),605.116207296835,21322.5739933076
79,Hamilton,"13th and 14th Sts., to Hamilton & Gallatin Sts., NW",REC CENTER GROUNDS,DPR0493,Y,1,0,2,0,0,0,0,0,N,N,3,0,1,1,1,0,0,N,0,0,0,N,,N,0,4,Nne,Nne,RpAIR,RpLACE,RpAIR,ChnLnk,Flt,N,4,,09,N,0493,none,2805    0806,Subdivision Book 158 Page 11 (TOJ for Recreation Purposes),375.161397936379,6003.8550878496
80,Turkey Thicket,"Shepherd St. and Michigan Ave., NE",REC CENTER GROUNDS,DPR0496,N,0,1,0,0,0,0,0,0,N,N,0,0,0,1,0,0,0,,0,0,0,,,,0,0,,,,,,,,N,5,,10,,0496,Brookland Elementary School,3888    0803,Subdivision Book 158 Page 37 (TOJ for Recreation Purposes),937.870917876826,42456.317731065
81,   ,"New Hampshire Ave.,8th St.,Randolph St.,NW",TRIANGLE,DPR0322,Y,,,,,,,,,,,,,,,,,,,,,,,,,,,,,,,,,,,4,,10,,0322,none,3131W   0800,TOJ for Comp Plan,134.414368756179,719.218043980658
82,   ,"New Hampshire Ave.,21st St.,M St.,NW",TRIANGLE,DPR0140,Y,,,,,,,,,,,,,,,,,,,,,,,,,,,,,,,,,,,2,,06,,0140,none,RES 01400000,TOJ for Comp Plan,122.743141160642,489.986261453028
83,Francis,"25th and N Sts., NW",REC CENTER GROUNDS,DPR1639,Y,1,0,1,0,0,0,4,0,N,Y,0,0,0,1,0,0,1,N,0,0,0,N,,Y,0,0,,Gd,RpAIR,RpAIR,Pr,ChnLnk,Flt,Y,2,,06,,0639,Francis Junior High School,RES 06390000,"Subdivision 158, Page 11.  TOJ to DC for recreation purposes",471.399098736597,7191.50542121739
84,Congress Heights,"7th St., south of Alabama Ave., SE",REC CENTER GROUNDS,DPR0632,Y,1,0,1,0,0,0,3,0,N,Y,3,1,2,1,0,0,0,N,,,,N,,N,1,5,Nw,Nne,RpLACE,RpLACE,RpAIR,ChnLnk,Flt,N,8,,08,,0632,Martin Luther King Elementary School,RES 06320000,Subdivision Books (158 & 125) Pages (11 & 75) (TOJ for Recreation Purposes),543.181751755152,16249.3420353429
85,   ,"Kansas Ave., between Gallatin & 4th Sts., NW",TRIANGLE,DPR0547,Y,,,,,,,,,,,,,,,,,,,,,,,,,,,,,,,,,,,4,,10,,0547,none,RES 05470000,TOJ for Comp Plan,154.785282491358,953.802814397467
86,   ,"Kansas Ave.,3rd St.,Ingraham St.,NW",TRIANGLE,DPR0577,Y,,,,,,,,,,,,,,,,,,,,,,,,,,,,,,,,,,,4,,10,,0577,none,RES 05770000,TOJ for Comp Plan,123.539709192525,621.197783557957
87,   ,"New Hampshire Ave., between Ingraham & 1st Sts., NW",TRIANGLE,DPR0574,Y,,,,,,,,,,,,,,,,,,,,,,,,,,,,,,,,,,,4,,10,,0574,none,RES 05740000,TOJ for Comp Plan,199.157340731759,1583.19510548726
88,   ,"Kansas Ave., between Longfellow & 2nd Sts., NW",TRIANGLE,DPR0541,Y,,,,,,,,,,,,,,,,,,,,,,,,,,,,,,,,,,,4,,10,,0541,none,RES 05410000,Subdivision Book 78 Page 38 & NPS GO 470 (TOJ for Recreation Purposes),133.097421205608,686.362765128622
89,   ,"Military Rd., between Belt Rd. and 42nd St., NW",SMALL PARK,DPR0373,Y,,,,,,,,,,,,,,,,,,,,,,,,,,,,,,,,,,,3,,01,,0373,none,1743    0817,Subdivision Book 158 Page 50 (TOJ for Recreation Purposes),123.825081482985,612.647767758716
90,   ,"Reno Rd.,39th St.,Jenifer St.,NW",TRIANGLE,DPR0326B,Y,,,,,,,,,,,,,,,,,,,,,,,,,,,,,,,,,,,3,,01,,326B,none,RES 326B0000,TOJ for Comp Plan,159.011477450751,1009.91260425614
91,   ,"Reno Rd.,38th St.,Huntington St. ,NW",TRIANGLE,DPR0326A,Y,,,,,,,,,,,,,,,,,,,,,,,,,,,,,,,,,,,3,,01,,326A,none,RES 326A0000,TOJ for Comp Plan,168.718882856588,1214.41222662314
92,   ,"Wisconsin Ave.,42nd St.,Fessenden St.,NW",TRIANGLE,DPR0326,Y,,,,,,,,,,,,,,,,,,,,,,,,,,,,,,,,,,,3,,01,,0326,none,RES 03260000,Subdivision Book 162 Page 2 (TOJ for Recreation Purposes),190.504798505471,1182.77534533401
93,Galen Tait Memorial Park,"Western Ave.,48th St.,Ellicott St.,NW",TRIANGLE,DPR1454,Y,,,,,,,,,,,,,,,,,,,,,,,,,,,,,,,,,,,3,,01,,0454,none,RES 04540000,TOJ for Comp Plan,170.027981492379,1239.94578192569
94,Chevy Chase Recreation Center,"Livingston St., between 41st St. and Western Ave., NW",REC CENTER GROUNDS,DPR0431,Y,1,0,1,0,0,0,2,0,N,N,10,0,5,1,1,0,0,N,0,0,0,N,,N,1,14,Nne,RpAIR,RpLACE,RpLACE,RpLACE,ChnLnk,Flt,N,3,,01,Y,0431,none,RES 04310000,Subdivision Book 162 Page 1 (TOJ for Recreation Purposes),611.213836609617,16997.4225880865
95,Takoma Recreation Center,"Van Buren St., between 3rd and 4th Sts., NW",REC CENTER GROUNDS,DPR0377,Y,1,0,1,0,1,0,0,0,N,N,5,1,1,1,1,0,0,N,0,0,0,,,Y,,4,RpLACE,RpAIR,Nne,Nne,Pr,ChnLnk,MdSlp,Y,4,,09,,0377,none,RES 03770000,Subdivision Book 158 Page 37 (TOJ for Recreation Purposes),558.038375005126,19430.2951634645
96,Takoma Community Center,"Van Buren and Sheridan Sts., to 3rd & 5th Sts., NW",REC CENTER GROUNDS,DPR0445,Y,3,0,0,0,0,1,6,0,N,Y,0,1,0,0,0,1,0,Y,0,0,0,,,Y,,5,RpLACE,RpLACE,,Nne,Gd,Nne,Flt,N,4,,09,,0445,none,RES 04450000,Subdivision Book 158 Page 11 (TOJ for Recreation Purposes),1414.81718749569,67656.4909752558
97,Raymond,"Spring Rd., between Quincy and 9th Sts., NW",REC CENTER GROUNDS,DPR0486,Y,1,0,1,0,0,0,2,0,N,N,2,0,0,1,1,0,0,N,0,0,0,N,,N,2,0,RpLACE,Nne,RpAIR,RpLACE,RpAIR,ChnLnk,Flt,N,4,,09,N,0486,Paul Robeson Center,RES 04860000,Subdivision Book 158 Page 37 (TOJ for Recreation Purposes),638.435016810744,22181.0825938151
98,Hearst,"37th St. and Idaho Ave., NW",REC CENTER GROUNDS,DPR0527,Y,1,0,1,0,1,0,3,0,N,Y,2,0,3,0,1,0,0,N,0,0,0,N,,N,0,2,Nne,Nne,RpAIR,RpLACE,Pr,ChnLnk,MdSlp,N,3,,02,Y,0527,Hearst Elementary School,1905    0802,Subdivision Book 158 Page 37 (TOJ for Recreation Purposes),550.166454416383,17782.7401707924
99,Forest Hills Playground,"32nd & Chesapeake Sts., NW",PARK,DPR0654,Y,0,1,0,0,0,0,2,0,,Y,,,,1,1,0,0,,,,,,,,,,,,,,,,,N,3,,01,,0654,none,RES 06540000,Subdivision Book 162 Page 1 (TOJ for Recreation Purposes),449.131985441697,12146.9339177186
100,Newark Community Gardens,"east of 39th St. and south of Newark St., NW",PARK,DPR0351L,Y,,,,,,,3,,,Y,,,,1,,,,,,,,,,,,,,,,,,,,Y,3,,02,,351L,none,1818    0848,Subdivision Book 162 Page 2 (TOJ for Recreation Purposes),459.786885756854,11811.8794369805
101,Diamond Teague Park,"Potomac Ave. and 1st St., SE",PARK,DPR0248,Y,,,,,,,,,,,,,,,,,,,,,,,,,,,,,,,,,,,6,,,,0248,none,0744SS  0801,"Not managed by DPR; Private/Non-Profit partnership",535.085440850036,12657.026982068
102,North Michigan Park,"13th and Emerson Sts., NE",REC CENTER GROUNDS,DPR2007,Y,1,0,0,0,0,0,0,0,N,Y,5,1,11,0,0,0,0,N,0,0,0,N,,Y,0,0,Nne,Pr,Nw,RpLACE,Pr,Ir,MdSlp,N,5,,11,Y,none,none,PAR 01480074,,502.112121947308,15684.7133769502
103,   ,"New Hampshire Ave., 1st St. and Chillum Pl., NE",SMALL PARK,DPR0452,Y,,,,,,,,,,,,,,,,,,,,,,,,,,,,,,,,,,,4,,10,,0452,none,RES 04520000,Subdivision Book 162 Page 2 (TOJ for Recreation Purposes),108.72078016937,674.091486146125
104,   ,"Michigan Ave.,18th St.,Bunker Hill Rd.,NE",TRIANGLE,DPR0696,Y,,,,,,,,,,,,,,,,,,,,,,,,,,,,,,,,,,,5,,11,,0696,none,PAR 01470143,Subdivision Book 162 Page 2 (TOJ for Recreation Purposes),356.063216002165,5499.84173299811
105,   ,"4th St. and Blair Rd., NW",SMALL PARK,DPR2029,Y,,,,,,,,,,,,,,,,,,,,,,,,,,,,,,,,,,,4,,09,,none,none,3278    0801,,96.748247260606,398.137243824048
106,Dwight A. Moseley,"18th and Perry Sts., NE",REC CENTER GROUNDS,DPR0476,Y,1,2,4,0,0,0,5,0,N,N,0,1,2,1,1,0,0,N,0,0,0,N,,N,0,4,Nw,Nne,Nw,RpLACE,Gd,ChnLnk,Flt,Y,5,,10,N,0476,Taft Center,RES 04760000,Subdivision Book 158 Page 37 (TOJ for Recreation Purposes),747.354571522504,33171.2700068743
107,Parkview,"Warder St, between Otis and Princeton Pls, NW",REC CENTER GROUNDS,DPR2018,Y,1,0,1,0,0,0,0,0,N,N,3,1,3,1,0,0,1,N,0,0,0,N,,N,0,4,Nw,RpLACE,Nw,RpLACE,Pr,ChnLnk,Flt,N,1,,04,,none,Park View Elementary School,3032    0001,,315.406866886233,5894.86610804631
108,   ,"Wisconsin Ave.,39th St. ,Veazy St.,NW",TRIANGLE,DPR0477,Y,,,,,,,,,,,,,,,,,,,,,,,,,,,,,,,,,,,3,,02,,0477,none,RES 04770000,TOJ for Comp Plan,88.787602666033,269.82879505796
109,Chevy Chase Community Center,"Connecticut Ave. and McKinley St., NW",REC CENTER GROUNDS,DPR2053,Y,0,0,1,0,0,0,0,0,N,N,2,0,2,1,1,0,0,N,0,0,0,N,,N,1,0,Nne,RpLACE,RpLACE,RpLACE,RpLACE,ChnLnk,Flt,N,3,,01,N,none,none,1866    0823,"County Books (21 & 24), Page 49, Survey Books (38 & 114), Pages (139 & 303), A&T Plat 446",349.587810747101,6851.59358033605
110,Upshur,"14th St. and Arkansas Ave., NW",REC CENTER GROUNDS,DPR2013,Y,1,0,2,0,1,0,0,0,N,Y,0,1,1,1,1,0,1,N,0,0,0,N,,Y,2,8,Nw,RpLACE,RpLACE,RpLACE,RpLACE,ChnLnk,MdSlp,N,4,,09,Y,none,Sharpe Health Special Education School,<Null>,<Null>,797.561550647111,24247.1236588278
111,Center Parking,"Glenbrook Rd. & Rockwood Pkwy., NW",MEDIAN,DPR0638,Y,,,,,,,,,,,,,,,,,,,,,,,,,,,,,,,,,,,3,,03,,0638,none,1513    0901,TOJ for Comp Plan,198.926815530143,1283.26347053001
112,Macomb,"Macomb St., between 34th and 35th Sts., NW",REC CENTER GROUNDS,DPR2071,Y,1,0,1,0,0,0,0,0,N,N,4,0,3,1,1,0,0,N,0,0,0,N,,N,0,5,Nne,Gd,Nw,RpLACE,Pr,ChnLnk,MdSlp,N,3,,02,N,none,none,2078    0838,,288.551747740119,4967.4776698545
113,   ,"Park Rd.,Mt. Pleasant St.,Park Rd.,NW",TRIANGLE,DPR0310A,Y,,,,,,,,,,,,,,,,,,,,,,,,,,,,,,,,,,,1,,04,,310A,none,RES 310A0000,"Subdivision Book 158, Page 45.  TOJ to DC for Comp Plan",100.478623372962,465.55538690357
114,Langdon Park,"18th St. & Mills Ave., to Hamlin & Franklin Sts., NE",REC CENTER GROUNDS,DPR0446,Y,1,0,2,0,0,0,4,0,Y,Y,0,1,15,1,1,0,1,N,0,0,0,,,Y,1,15,,RpLACE,RpLACE,RpLACE,Pr,Nne,Stp,N,5,,11,N,0446,Langdon Elementary School,RES 04460000,Subdivision Books (118 & 139) Pages (198 & 21) (TOJ to DC for Recreation purposes),1818.12417301795,78694.4982697242
115,Noyes Park,"1000 Franklin Street, NE",PARK,DPR2003,Y,0,0,0,0,0,0,0,0,,,0,0,0,0,0,0,0,,0,0,0,,,,0,0,,,,,,ChnLnk,,N,5,,10,,none,Noyes Elementary School,3874    0801,,284.583505951444,3671.74087114735
116,Edgewood,"Douglas St., between Franklin St. and Lincoln Rd., NE",REC CENTER GROUNDS,DPR0534,Y,0,2,3,0,0,0,2,0,N,N,2,0,1,1,0,0,0,N,0,0,0,N,,N,1,0,RpLACE,Nne,RpAIR,RpLACE,Pr,ChnLnk,Flt,N,5,,10,N,0534,Shaed Elementary School,RES 05340000,Subdivision Book 158 Page 11 (TOJ for Recreation Purposes),627.17342385106,19821.0751217691
117,Banneker,"Georgia Ave. and Euclid St., NW",REC CENTER GROUNDS,DPR0506,Y,1,1,2,0,0,0,8,0,N,N,5,2,0,1,0,0,2,,0,0,0,,,,1,11,RpAIR,RpAIR,,RpLACE,Pr,ChnLnk,MdSlp,N,1,,04,,0506,Benjamin Banneker High School,RES 05060000,Subdivision Books (36 & 99) Pages (23 & 9) (TOJ to DC for Recreation & School purposes),1005.21923766626,54381.7373874039
118,14th and Girard Park,"14th and Girard Sts., NW",PARK,DPR2010,Y,,,1,,,,,,,,,,,,,,,,,,,,,,,,,,,,,,,N,1,,04,,none,none,2860    0831,,132.851196441201,1094.31553039063
119,Columbia Heights,"15th and Girard Sts., NW",REC CENTER GROUNDS,DPR2014,Y,0,0,1,0,0,0,0,0,N,N,6,0,3,1,1,0,0,Y,0,0,0,N,,N,0,11,Nne,Pr,Nw,RpLACE,RpLACE,Ir,Flt,N,1,,04,N,none,none,2667    0074,,404.994503412619,5535.90557418218
120,Guy Mason,"Calvert and 36th Sts., NW",REC CENTER GROUNDS,DPR2048,Y,1,0,0,0,0,0,0,0,N,N,5,1,5,1,1,0,0,N,0,0,0,N,,N,0,12,Nw,Gd,Nw,RpLACE,Gd,Ir,Flt,N,3,,03,,none,none,1299    0974,,542.905418301326,17717.2100782509
121,Stoddert,"Calvert St., between 39th and 41st Sts., NW",REC CENTER GROUNDS,DPR2049,Y,1,0,0,0,0,0,0,0,N,N,2,0,4,1,1,0,0,N,0,0,0,Y,,N,0,0,Nne,RpLACE,Nne,RpLACE,RpAIR,ChnLnk,Flt,N,3,,03,,none,Stoddert Elementary School,1808    0801,"Subdivision Books (88,92,98,100,102,110) Pages (9,146,3,94,149,2); Survey Book 97, Page 131",792.124895372331,26376.2550319283
122,W Street Park,"48th St., between W and Ashby Sts., NW",PARK,DPR0694,Y,,,,,,,,,,Y,,,,1,,,,,,,,,,,,,,,,,,,,N,3,,03,,0694,none,1384    0815,Subdivision Book 162 Page 2 (TOJ for Recreation Purposes),416.522329145775,10683.2315399097
123,Palisades,"Potomac and Arizona Aves., NW",REC CENTER GROUNDS,DPR0504,Y,1,0,2,0,0,0,3,0,N,Y,0,1,5,1,1,0,0,N,0,0,0,N,,Y,1,21,RpLACE,RpAIR,RpAIR,RpLACE,Pr,ChnLnk,Flt,N,3,,03,,0504,none,1415S   0802,Subdivision Book 158 Page 11 (TOJ for Recreation Purposes),1211.39345502255,57629.2202696719
124,Florida Avenue Playground,"First Street and Florida Avenue, NW",PARK,DPR2058,Y,,,1,,,,,,,,,,,1,,,,,,,,,,,,,,,,,,,,N,5,,05,,none,none,0551    0232,,291.18335450428,4066.509638741
125,Hardy,"Foxhall Rd. and Q St., NW",REC CENTER GROUNDS,DPR0709,Y,0,0,1,0,0,0,2,0,,N,2,0,3,1,1,0,0,N,0,0,0,N,,Y,0,8,Nne,Gd,Nw,RpLACE,Pr,ChnLnk,Flt,N,3,,03,,0709,none,RES 07090000,Subdivision Book 158 Page 37 (TOJ for Recreation Purposes),698.208647108338,21362.4276081295
126,Garrison,R and Vermont Ave.,PARK,DPR2002,Y,0,0,0,0,0,0,0,0,,,0,0,0,0,0,0,1,,0,0,0,,,,0,0,,,,,Pr,,,N,2,,04,,none,Garrison Elementary School ,0276    0830,,587.219756713388,14932.8791207695
127,Carter G. Woodson Memorial Park,"Rhode Island Ave.,9th St.,Q St.,NW",TRIANGLE,DPR0157,Y,,,,,,,,,,,,,,,,,,,,,,,,,,,,,,,,,,,6,,05,,0157,none,RES 01570000,TOJ for Comp Plan,132.419683886627,646.143910361907
128,Shaw,"Rhode Island Ave. and 11th St., NW",REC CENTER GROUNDS,DPR2120,Y,1,0,2,0,0,0,0,0,Y,N,1,0,0,0,0,0,0,N,0,0,0,N,,N,0,0,RpAIR,Nne,Nw,RpLACE,Pr,ChnLnk,Flt,N,6,,05,Y,0155,Shaw Junior High School,0336    0828,,417.119267511339,10091.8419984497
129,NJ and O Sts Park,"1301 New Jersey Avenue, NW",PARK,DPR2006,Y,,,,,,,,,,,,,,,,,,,,,,,,,,,,,,,,,,N,6,,05,,0191,none,0512    0112,,252.061214626232,3756.37144730213
130,Bundy Field,"New Jersey Ave., between O and P Sts., NW",PARK,DPR0633,Y,0,1,,,,,,,,,,,,,,,,,,,,,,,,,,,,,,,,N,6,,05,,0633,Bundy,0511    0822,Subdivision Book 162 Page 1 (TOJ for Recreation Purposes),464.782486288661,9731.08463186409
131,   ,"Rhode Island Ave.,6th St.,R St.,NW",TRIANGLE,DPR0159,Y,,,,,,,,,,,,,,,,,,,,,,,,,,,,,,,,,,,6,,05,,0159,none,0444N   0800,TOJ for Comp Plan,98.4760606160383,344.747324188875
132,Deanwood,"49th and Quarles Sts., NE",REC CENTER GROUNDS,DPR0666,Y,1,0,0,0,0,0,3,0,N,N,5,0,1,1,1,0,1,N,0,0,0,Y,,N,0,6,Nw,Nne,RpLACE,RpLACE,Pr,ChnLnk,Flt,N,7,,13,Y,0666,Ronald Brown Middle School,5162    0026,Subdivision Book 158 Page 37 (TOJ for Recreation Purposes),588.08731106538,22649.3326041364
133,Evans Park,"East Capitol and Blaine Sts., to 55th St. & 57th Pl., SE",PARK,DPR2056,Y,1,1,1,0,0,0,2,0,N,N,0,0,0,0,1,0,0,N,0,0,0,N,,N,0,0,RpLACE,Nne,RpLACE,RpLACE,Pr,ChnLnk,Flt,N,7,,13,N,none,Evans Middle School,5244    0804,"Subdivision Book 140, Page 173",559.670800022937,20355.4657610526
134,   ,"Blaine St., Brooks & 51st Sts., SE",TRIANGLE,DPR0485,Y,,,,,,,,,,,,,,,,,,,,,,,,,,,,,,,,,,,7,,13,,0485,none,RES 04850000,TOJ for Comp Plan,187.930935733717,606.526897639436
135,   ,"Central Ave.,49th St.,East Capitol St.,NE",TRIANGLE,DPR2028,Y,,,,,,,,,,,,,,,,,,,,,,,,,,,,,,,,,,,7,,13,,none,none,5189    0845,,127.86563621344,665.612062554598
136,   ,"Minnesota Ave.,36th St.,Croffut Pl.,SE",TRIANGLE,DPR0337C,Y,,,,,,,,,,,,,,,,,,,,,,,,,,,,,,,,,,,7,,14,,337C,none,RES 337C0000,TOJ for Comp Plan,136.775033528137,720.634655345253
137,Harrison,"U and V Sts., to 13th & 14th Sts., NW",REC CENTER GROUNDS,DPR0640,Y,1,0,1,0,0,0,0,0,N,N,1,0,0,1,1,0,0,N,0,0,0,N,,N,0,9,RpLACE,RpAIR,RpAIR,RpLACE,RpAIR,ChnLnk,Flt,N,1,,04,N,0640,none,0236    0830,Subdivision Book 158 Page 37 (TOJ for Recreation Purposes),284.027201409623,4063.82799531677
138,   ,"North Carolina Ave.,15th St.,Consitution Ave.,NE",TRIANGLE,DPR0238,Y,,,,,,,,,,,,,,,,,,,,,,,,,,,,,,,,,,,6,,12,,0238,none,RES 02380000,TOJ for Comp Plan,122.048432730674,554.899065854277
139,   ,"North Carolina Avenue and A Street, NE",SMALL PARK,DPR0235,Y,,,,,,,,,,,,,,,,,,,,,,,,,,,,,,,,,,,6,,12,,0235,none,RES 02350000,TOJ for Comp Plan,161.256208805041,1028.60181570156
140,Rumsey Aquatic Center,"7th St. and N. Carolina Ave., NE",REC CENTER GROUNDS,DPR2034,Y,0,0,0,0,0,0,0,0,N,N,6,0,0,0,0,1,0,N,0,0,0,,,N,0,5,Nne,RpAIR,Nw,RpLACE,,Nne,Flt,N,6,,12,N,none,none,0872    0800,"Subdivision Book 28, Page 99, Survey Book 29, Page 108",258.556948492565,3728.45522899757
141,Amidon Field,"4th and G Sts., SW",PARK,DPR0711,Y,1,,,,,,,,,,,,,,,,,,,,,,,,,,,,,,,,,N,6,,05,,0711,Amidon Elementary School,<Null>,Subdivision Book 158 Page 11 (TOJ for Recreation Purposes),497.306298035324,9168.69114648412
142,Kennedy,"P St., between 6th and 7th Sts., NW",REC CENTER GROUNDS,DPR2092,Y,1,0,2,0,0,0,1,0,N,Y,1,1,0,1,1,0,0,N,0,0,0,Y,,Y,0,6,Nw,Pr,Nw,RpLACE,Pr,Ir,Flt,N,6,,05,Y,none,none,<Null>,,646.177249997854,12820.6686689946
143,New York Ave Daycare,"New York Ave. and 1st St., NW",REC CENTER GROUNDS,DPR2088,Y,1,0,2,0,0,0,0,0,N,N,4,0,0,1,1,0,0,N,0,0,0,N,,N,0,1,RpAIR,Nne,RpAIR,RpLACE,Pr,ChnLnk,Flt,N,5,,05,N,none,none,<Null>,,515.856178209007,9644.5374010286
144,   ,10th & French St. NW,SMALL PARK,DPR2121,Y,,,,,,,,,,N,,,,,,,,,,,,,,,,,,,,,,,Flt,,6,,5,,none,none,<Null>,,88.3921249955893,443.149005704336
145,Lansburgh Park,"Delaware Ave., between I and M Sts., SW",PARK,DPR0712,Y,,,,,,,,,,,,,,,,,,,,,,,,,,,,,,,,,,N,6,,05,,0712,Randall,RES 07120000,Subdivision Book 158 Page 50 (TOJ for Recreation Purposes),835.222109730842,18759.0216115939
146,Harry Thomas,"Lincoln Rd. and 2nd St., to R and T Sts., NE",REC CENTER GROUNDS,DPR0464,Y,0,1,1,1,0,0,2,0,N,N,2,1,0,1,1,0,1,N,0,0,0,Y,,N,1,0,Nw,RpLACE,RpLACE,RpLACE,Pr,ChnLnk,Flt,N,5,,10,N,0464,Emery Elementary School,RES 04640000,Subdivision Book 158 Page 11 (TOJ for Recreation Purposes),543.243505184528,12723.3147331972
147,Canal Park,"2nd St., between K and I Sts., SE",PARK,DPR0017B,Y,,,,,,,,,,,,,,,,,,,,,,,,,,,,,,,,,,N,6,,12,,017B,none,0767    0830,Subdivision Book 158 Page 50 (TOJ for Recreation Purposes),203.789625003934,2167.94349063554
148,Joy Evans,"6th St., between L and M Sts., SE",REC CENTER GROUNDS,DPR0019A,Y,0,0,0,0,0,0,0,0,N,N,0,0,0,1,1,1,0,N,0,0,0,,,N,1,3,Nne,RpLACE,Nne,RpLACE,Pr,ChnLnk,Flt,N,6,,12,N,019A,Van Ness Elementary School,RES 019A0000,Subdivision Books (152 & 155) Pages (133 & 177) (TOJ to DC for Recreation purposes),280.538499996066,4066.56891759664
149,   ,"Potomac Ave. and K Street, SE",SMALL PARK,DPR0253,Y,,,,,,,,,,,,,,,,,,,,,,,,,,,,,,,,,,,6,,12,,0253,none,RES 02530000,TOJ for Comp Plan,155.594282376212,955.288053226958
150,Lovejoy Park,"E St., between 11th and 12th Sts., NE",PARK,DPR0690,Y,,,,,,,,,,,,,,,,,,,,,,,,,,,,,,,,,,N,6,,12,,0690,none,0985    0808,Subdivision Book 162 Page 2 (TOJ for Recreation Purposes),230.47343622231,1711.90286991942
151,   ,"Tennessee Ave.,14th St.,E St.,NE",TRIANGLE,DPR0269,Y,,,,,,,,,,,,,,,,,,,,,,,,,,,,,,,,,,,6,,12,,0269,none,RES 02690000,TOJ for Comp Plan,83.4125355440004,279.264427925537
152,   ,"Tennessee Ave.,14th St.,D St.,NE",TRIANGLE,DPR0268,Y,,,,,,,,,,,,,,,,,,,,,,,,,,,,,,,,,,,6,,12,,0268,none,RES 02680000,TOJ for Comp Plan,106.877239342969,458.941169897158
153,Justice Park,"14th and Euclid Sts., NW",PARK,DPR2009,Y,,,,,,,,,,,,,,1,,,,,,,,,,,,,,,,,,,,N,1,,04,,none,none,2665    0046,,140.208335421636,1145.03553926704
154,K C Lewis,"Bryant and W Sts., 4th St., NW",PARK,DPR0705,Y,1,0,1,,,,2,,,,,,,1,1,,,,,,,,,,,,,,,,,,,N,1,,04,,0705,Lewis,RES 07050000,Subdivision Book 162 Page 1 (TOJ for Recreation Purposes),432.523420395436,8697.86164618664
155,Unity Park,"Columbia Rd.,Champlain St.,Euclid St.,NW",TRIANGLE,DPR1306D,Y,,,,,,,,,,,,,,,,,,,,,,,,,,,,,,,,,,,1,,04,,306D,none,RES 306D0000,TOJ for Comp Plan,80.4190082264849,271.710737434661
156,Loomis Park,"Bryant and Adams Sts., to Lawrence and 19th Sts., NE",CIRCLE,DPR0313,Y,0,0,0,0,0,0,0,0,N,Y,0,0,0,0,0,0,0,N,0,0,0,N,,Y,0,0,Nne,,,RpLACE,Gd,Nne,MdSlp,N,5,,11,N,0313,none,RES 03130000,Subdivision Book 162 Page 2 (TOJ for Recreation Purposes),427.108459872739,9548.45529004621
157,Brentwood Recreation Center,"15th & Downing Sts., NE",REC CENTER GROUNDS,DPR0673,Y,1,0,1,0,0,0,0,0,N,N,8,0,12,1,1,0,0,N,0,0,0,N,,Y,0,0,Nne,Gd,Nw,Nw,Gd,ChnLnk,Flt,N,5,,11,N,0673,none,RES 06730000,Subdivision Book 162 Page 1 (TOJ for Recreation Purposes),279.330704357991,4886.01472783936
158,Dakota Park,"South Dakota Ave., Adams and 33rd Sts., NE",PARK,DPR0644,Y,1,0,2,0,0,0,1,0,N,N,3,0,0,1,1,0,0,N,0,0,0,,,Y,0,3,Nne,,Nw,RpLACE,Gd,Nne,MdSlp,N,5,,11,N,0644,none,RES 06440000,Subdivision Book 158 Page 37 (TOJ for Recreation Purposes),457.64256705779,10310.7528656254
159,Fort Lincoln,"Ft. Lincoln Dr. and 31st Pl., NE",REC CENTER GROUNDS,DPR2059,Y,2,0,2,0,0,0,8,0,N,Y,0,1,1,1,0,0,1,Y,3,0,0,N,,Y,1,68,Nw,RpAIR,RpAIR,RpLACE,Pr,ChnLnk,MdSlp,N,5,,11,N,none,Marshall Education Center,4327    1156,Need to identify TOJ documentation,1490.3943754958,122490.274681396
160,   ,"Potomac Ave.,16th St.,G St.,SE",TRIANGLE,DPR0256,Y,,,,,,,,,,,,,,,,,,,,,,,,,,,,,,,,,,,6,,12,,0256,none,RES 02560000,TOJ for Comp Plan,90.2072951733742,302.063747204175
161,   ,"Potomac Ave.,17th St.,E St.,SE",TRIANGLE,DPR0257,Y,,,,,,,,,,,,,,,,,,,,,,,,,,,,,,,,,,,6,,12,,0257,none,RES 02570000,"Subdivision Book 158, Page 42.  TOJ to DC for Comp Plan",198.590568123261,1465.38400825972
162,   ,"Massachusetts Ave.,17th St.,C St.,SE",TRIANGLE,DPR0092,Y,,,,,,,,,,,,,,1,,,,,,,,,,,,,,,,,,,,,6,,12,,0092,none,RES 00920000,TOJ for Comp Plan,212.834676075897,1683.48631423674
163,Payne,"C St., between 14th and 15th Sts. SE",REC CENTER GROUNDS,DPR0649,Y,1,0,0,0,0,0,0,0,N,N,0,0,0,0,0,0,0,N,0,0,0,N,,N,0,0,RpLACE,,Nne,RpLACE,Pr,ChnLnk,Flt,N,6,,12,N,0649,Payne Elementary School,1061    0813,Subdivision Book 158 Page 37 (TOJ for Recreation Purposes),172.828073343367,1792.59016070023
164,   ,"South of South Carolina Avenue and C Street, SE",SMALL PARK,DPR0240,Y,,,,,,,,,,,,,,,,,,,,,,,,,,,,,,,,,,,6,,12,,0240,none,RES 02400000,TOJ for Comp Plan,123.103937947806,475.081284853649
165,Watkins,"13th St., between D and E Sts., SE",REC CENTER GROUNDS,DPR0611,Y,0,1,2,0,0,0,0,0,Y,N,4,0,0,1,0,0,1,N,0,0,0,N,,N,1,8,Nw,,Nw,RpLACE,Pr,ChnLnk,Flt,N,6,,12,N,0611,Watkins Elementary School,<Null>,Subdivision Book 152 Page 134 (TOJ for Recreation Purposes),571.195238127448,10758.7814521503
166,   ,"Minnesota Ave., between 22nd & Q Sts., SE",TRIANGLE,DPR0336B,Y,,,,,,,,,,,,,,,,,,,,,,,,,,,,,,,,,,,8,,07,,336B,none,RES 336B0000,TOJ for Comp Plan,186.58601367416,1397.07735176676
167,   ,"Naylor Rd., between 22nd & Q Sts., SE",TRIANGLE,DPR0336C,Y,,,,,,,,,,,,,,,,,,,,,,,,,,,,,,,,,,,8,,07,,336C,none,RES 336C0000,TOJ for Comp Plan,150.460045779074,962.27609995385
168,Hillcrest Recreation Center,"Alabama Ave., west of 32nd St., SE",REC CENTER GROUNDS,DPR0627,Y,0,0,0,0,0,0,0,1,N,Y,4,1,0,1,1,0,0,N,,,,N,,N,1,6,Nne,Gd,Nw,Nw,Pr,Ir,Flt,N,7,,07,,0627,Winston Educational Center,RES 06270000,Subdivision Book 162 Page 1 (TOJ to DC for Recreation & School purposes),1250.78914634867,66173.1068444267
169,   ,"Minnesota Ave.,16th St.,T St.,SE",TRIANGLE,DPR0314A,Y,,,,,,,,,,,,,,,,,,,,,,,,,,,,,,,,,,,8,,07,,314A,none,RES 314A0000,TOJ for Comp Plan,117.619201780873,551.811183107018
170,   ,"Minnesota Avenue and Good Hope Road, SE",SMALL PARK,DPR0314C,Y,,,,,,,,,,,,,,,,,,,,,,,,,,,,,,,,,,,8,,07,,314C,none,RES 314C0000,TOJ for Comp Plan,113.79797510663,670.274547203107
171,Garfield Park,"F St. and Virginia Ave., between 1st and 3rd Sts., SE",PARK,DPR0017,Y,0,0,0,0,0,0,2,0,N,N,16,0,0,1,1,0,0,N,0,0,0,N,,N,2,21,Nne,Gd,Nw,RpLACE,Gd,Ir,Flt,N,6,,12,Y,0017,none,RES 00170000,Subdivision Book 162 Page 2 (TOJ for Recreation Purposes),856.302845514727,27742.7192119517
172,Marvin Gaye Park,"42nd St. & Hunt Pl., to 63rd St. & Southern Ave., NE",LARGE PARK,DPR0610,Y,1,,4,,,,,,,,,,,1,,,,,,,,,,,,,,,,,,,,Y,7,,13,,0610,Drew Elementary School,RES 06100000,Subdivision Book 199 Page 154 (TOJ for Recreation Purposes),11282.7454884661,181715.128137923
173,King-Greenleaf,"Canal St., between M and N Sts., SW",REC CENTER GROUNDS,DPR0006P,Y,0,1,2,0,0,0,2,0,N,N,0,0,0,1,1,0,0,N,0,0,0,N,,N,0,0,Nw,Gd,Nw,RpLACE,Gd,Ir,Flt,N,6,,05,Y,"6P&Q,0634",Bowen Elementary School,<Null>,"Subdivision Books (110,129,& 149) Pages (9,44,& 121) (TOJ to DC for Recreation purposes)",864.764797699534,22013.1311675579
174,Pope Branch Park,"M St. & Fairlawn Ave., to 39th & Nash Sts., SE",LARGE PARK,DPR0624,Y,,,,,,,,,,,,,,,,,,,,,,,,,,,,,,,,,,N,7,,07,,0624,none,RES 06240000,Subdivision Book 158 Page 34 (TOJ for Recreation Purposes),4422.87795066008,163456.277395943
175,Fort Chaplin Park,"Texas Ave. and C St., SE",PARK,DPR0612,Y,,,,,,,,,,Y,,,,,,,,,,,,,,,,,,,,,,,,N,7,,14,,0612,Plummer Elementary School,RES 06120000,Subdivision Books (158 & 137) Pages (39 & 169) (TOJ to DC for Recreation purposes),429.317924251055,10444.0488885131
176,Brentwood Park (Patterson Tract),"6th St., between New York & Florida Aves., NE",PARK,DPR0495,Y,0,1,2,0,0,0,2,0,,,0,0,0,0,0,0,0,,0,0,0,,,,,,,,,,,,,N,5,,11,,0495,none,PAR 01290057,Subdivision Books (162 & 158) Pages (5 & 40) (TOJ to DC for Recreation & Hwy purposes),1652.51050155969,52387.5291249929
177,DC Therapeutic,"3030 G St., SE",REC CENTER GROUNDS,DPR2001,Y,1,0,1,0,0,0,0,0,N,Y,1,0,13,1,0,1,0,N,0,0,0,N,,Y,0,5,Nne,RpAIR,Nw,RpLACE,Pr,ChnLnk,Flt,N,7,,14,N,0405,none,RES 04050000,"Subdivision Books (121,139,140 & 158) Pages (39,14-15 & 28,42 & 40) (TOJ to DC for Recreation & Hwy purposes)",1173.00070129582,66228.5885091052
178,Ridge,"Ridge Rd. and Burns St., SE",REC CENTER GROUNDS,DPR0405,Y,1,0,2,0,0,0,0,0,N,Y,7,1,3,1,1,0,1,N,0,0,0,N,,Y,1,5,Nw,Nne,Nw,RpLACE,RpAIR,ChnLnk,MdSlp,N,7,,14,N,0405,none,PAR 01960012,Subdivision Book 158 Page 40 (TOJ to DC for Recreation purposes),1010.34321169532,41073.178778799
179,Jelleff Field,"3265 S Street, NW",REC CENTER GROUNDS,DPR,Y,,1,,,,1,,,,,,,,,,,1,,,,,,,,,,,,,,,ChnLnk,,,2,,,,none,none,,,554.552748640212,16568.9541893633
180,Town Center Park,"6th St. and I Sts., SW`",SMALL PARK,DPR0721,Y,,,,,,,,,,,,,,,,,,,,,,,,,,,,,,,,,,,6,,,,0721,none,RES 07210000,AMT - Survey October 2007 - TOJ to DC for park & recreation purposes FOSET 2008,271.16887499392,4581.07074609419
181,Town Center Park,"3rd St. and I Sts., SW",SMALL PARK,DPR0723,Y,,,,,,,,,,,,,,,,,,,,,,,,,,,,,,,,,,,6,,,,0723,none,RES 07230000,AMT - Survey October 2007 - TOJ to DC for park & recreation purposes FOSET 2008,207.160749994218,2534.20892358609
182,Rita Bright Community Center,"2500 14th St., NW",REC CENTER GROUNDS,DPR,Y,,,,,,,,,,,,,,,,,,,,,,,,,,,,,,,,ChnLnk,,,1,,,,none,none,2662    0205,,281.530238499114,3811.46275302116
183,Bruce Monroe Community Park,"Irving & Georgia Avenue, NW",PARK,DPR,Y,,,2,,,,1,,,,,,,1,1,,,,,,,,,,,,,,,,,,,,,,,,none,,2890    0849,,452.610115526604,11318.5707661127
184,Triangle,"Water St., south of M St., SE",TRIANGLE,DPR,Y,,,,,,,,,,,,,,,,,,,,,,,,,,,,,,,,,,,,,,,0130,none,1025E   0802,AMT SURVEY FEBRUARY 2008 - TOJ to DC for park & recreation purposes,94.7326722719623,474.9069982535
185,Triangle,"Virginia Ave. and south of M St., SE",TRIANGLE,DPR,Y,,,,,,,,,,,,,,,,,,,,,,,,,,,,,,,,,,,,,,,0129,none,RES 01290000,"SURVEY BOOK 204, PAGE 5 AND AMT SURVEY FEBRUARY 2008 - TOJ to DC for park & recreation purposes",212.227228547965,1418.64306867646
186,Triangle,"Virginia Ave., Between 12th & M Sts., SE",TRIANGLE,DPR,Y,,,,,,,,,,,,,,,,,,,,,,,,,,,,,,,,,,,,,,,0128,none,0999E   0800,AMT SURVEY FEBRUARY 2008 - TOJ to DC for park & recreation purposes,166.34550502374,845.642229057271
187,Triangle,"Water St., Between 14th & M Sts., SE",TRIANGLE,DPR,Y,,,,,,,,,,,,,,,,,,,,,,,,,,,,,,,,,,,,,,,0299,none,RES 02990000,AMT SURVEY NPS to DC FEB 2008. - TOJ to DC FOSET 2008,135.434584386093,737.246201650306
188,Triangle,"Water & N Sts., east Of 12th st., SE",TRIANGLE,DPR,Y,,,,,,,,,,,,,,,,,,,,,,,,,,,,,,,,,,,,,,,0298,none,RES 02980000,,97.451385700442,405.607351601883
189,Triangle,"New York Ave. and I St., between 10th and 11th Sts., NW",TRIANGLE,DPR0174,Y,,,,,,,,,,,,,,,,,,,,,,,,,,,,,,,,,,,,,,,0174,,0374    0850,"Subdivision Book 171, Page 134 - TOJ FOSET 2008",172.482549954803,1241.08007674371
190,Triangle,"Potomac Ave SE, 9th Street SE, and M Street SE",TRIANGLE,DPR,,,,,,,,,,,,,,,,,,,,,,,,,,,,,,,,,,,,,,,,0251,,0930S   0800,"Subdivision Book 204, Page 198. TOJ to DC for park & recreation purposes",128.324340791606,611.430489793356
191,Mt Vernon Square,"Mt Vernon Pl NW, K St NW, 7th St NW, and 9th St NW",SMALL PARK,DPR,,,,,,,,,,,,,,,,,,,,,,,,,,,,,,,,,,,,,,,,0008,none,0403N   0800,"Subdivision Book 204, Page 198. TOJ to DC for park & recreation purposes",439.185930747987,11113.1377873801
192,Triangle,"North Capitol St NW, Lincoln Rd NE, and R St NE",TRIANGLE,DPR,,,,,,,,,,,,,,,,,,,,,,,,,,,,,,,,,,,,,,,,277C,,3514    0802,"Subdivision Book 204, Page 198. TOJ TO DC",62.283042065671,210.671397559768
193,Triangle,"South Carolina and Pennsylvania Aves., to 7th, 8th and D Sts., SE",TRIANGLE,DPR,Y,,,,,,,,,,,,,,,,,,,,,,,,,,,,,,,,,,,,,,,"0044,0045",none,,"Subdivision 204, Page 198. GAO Federal Real Property Report.  TOJ to DC for Parks, Recreation & Open Space",244.404273102662,2753.69213750235
194,Boathouse Row,"Anacostia River (East Bank) between Railroad & John Phillip Sousa Bridges, SE",PARK,DPR,Y,,,,,,,,,,,,,,,,,,,,,,,,,,,,,,,,,,,,,,N,343E,none,1080E   0803,Partial TOJ to DC (Boathouse Row) FOSET 2008,1213.48317620639,25671.6139793559
195,Poplar Point,"South Capitol Street, I-295, 11th St. & Frederick Douglass Memorial Bridges, SE",LARGE PARK,DPR343C,Y,,,,,,,,,,,,,,,,,,,,,,,,,,,,,,,,,,,8,,,Y,343C,none,,"Sub Bks (168&204), Pgs (20&194). GAO Federal Real Property Report.  TOJ to DC for Parks, Recreation & Open Space (Boathouse Row - Marina/Recreation)",5933.6376912355,617605.119869208
196,Poplar Point,"Anacostia River (Both Banks) between John Phillip Sousa & 11th St. Bridges, SE",LARGE PARK,DPR,Y,,,,,,,,,,,,,,,,,,,,,,,,,,,,,,,,,,,8,,,N,343D,none,RES 343D0000,"Subdivision Books (168 & 204), Pages (20 & 194).  Partial TOJ to DC (Boathouse Row) FOSET 2008",803.198655629429,38241.7225657909
197,,"22nd St., between Decatur Pl. & S St., NW",SMALL PARK,DPR,Y,,,,,,,,,,,,,,,,,,,,,,,,,,,,,,,,,,,,,,,057C,,RES 057C0000,"Subdivision Book 158, Page 44.  TOJ for Comp Plan",129.644862569926,838.492982991727
198,,"Vermont Ave. & 12th St., north of R St., NW",SMALL PARK,DPR,Y,,,,,,,,,,,,,,,,,,,,,,,,,,,,,,,,,,,,,,,0166,,RES 01660000,"Subdivision Book 143, Page 45.  TOJ TO DC",64.5285839966667,152.577819196991
199,,"Virginia Ave., east side of 6th & D Sts., SW",TRIANGLE,DPR,Y,,,,,,,,,,,,,,,,,,,,,,,,,,,,,,,,,,,,,,,0116,,RES 01160000,"Subdivision Book 123, Page 130.  TOJ TO DC",47.6165983568087,78.0853663335706
200,,"New York Ave., between New Jersey Ave. & M Sts., NW",TRIANGLE,DPR,Y,,,,,,,,,,,,,,,,,,,,,,,,,,,,,,,,,,,,,,,0180,,RES 01800000,TOJ TO DC,47.6876920051573,99.0362989731244
201,,"Vermont Ave. & 11th St., north of S St., NW",SMALL PARK,DPR,Y,,,,,,,,,,,,,,,,,,,,,,,,,,,,,,,,,,,,,,,0168,,RES 01680000,TOJ TO DC,29.4663309543142,45.4823725489416
202,,"Potomac Ave., between 2nd & R Sts., SW",TRIANGLE,DPR,Y,,,,,,,,,,,,,,,,,,,,,,,,,,,,,,,,,,,,,,,0243,,RES 02430000,"AMT - SURVEY FEBRUARY 2008 & Subdivision Book 120, Page 24 - TOJ to DC for park & recreation purposes FOSET 2008",227.197320281174,1916.17110764855
203,,"above Virginia Ave., between 26th & H Sts., NW",TRIANGLE,DPR,Y,,,,,,,,,,,,,,,,,,,,,,,,,,,,,,,,,,,,,,,0097,,RES 00970000,TOJ TO DC,153.254176641849,568.46001294959
204,,"Southern Ave., between Branch Ave. & Erie St., SE",TRIANGLE,DPR,Y,,,,,,,,,,,,,,,,,,,,,,,,,,,,,,,,,,,,,,,0490,,RES 04900000,"Subdivision Books (155 & 156), Pages (5 & 18).   TOJ to DC for Recreation purposes",629.6096303754,17593.0025400387
205,,"Potomac Ave., between Half & Q Sts., SW",TRIANGLE,DPR,Y,,,,,,,,,,,,,,,,,,,,,,,,,,,,,,,,,,,,,,,0245,,RES 02450000,"AMT - SURVEY NPS to DC Subdivision Book 120, Page 24 - TOJ To DC FEBRUARY 2007 FOSET",245.355786818174,2234.69058103325
206,,"New York Ave., between Florida Ave. & O St., NE",MEDIAN,DPR,Y,,,,,,,,,,,,,,,,,,,,,,,,,,,,,,,,,,,,,,,0185,,RES 1850000,"Subdivision Book 97, Page 179.  TOJ to DC for Property Yard",123.845277022009,274.809252008056
207,Rose Park,"Rock Creek, between National Zoological Park & Theodore Roosevelt Bridge, NW",REC CENTER GROUNDS,DPR0360,Y,1,0,1,0,0,0,3,0,N,Y,0,0,0,1,1,0,0,N,0,0,0,N,,N,1,8,Nne,Pr,RpAIR,RpAIR,Pr,ChnLnk,Flt,N,2,,03,,0360,none,RES 06390000,Subdivision Book 158 Page 34 (TOJ for Recreation Purposes),687.729242053819,10374.8882362934
208,Benning Park,"Benning Rd., north of Hanna Pl. & Southern Ave., SE",REC CENTER GROUNDS,DPR0692,Y,1,0,3,0,0,0,2,0,N,Y,5,1,0,1,1,0,1,N,0,0,0,N,,Y,1,5,RpAIR,RpAIR,Nw,RpLACE,RpAIR,ChnLnk,Flt,N,7,,14,N,0692,none,<Null>,"Subdivision Book 158 Page 4 (TOJ for Recreation Purposes).  Parcel 0193 Lots (0030-0032,0065-66),Sq.5341E Lot 0040,Sq.5342E Lots 0001 & 0002",1173.34257582641,36155.3531709176
209,Fort Davis,"41st St., between Fort Davis St. & Fort Davis Pl., SE",REC CENTER GROUNDS,DPR0713,Y,1,0,1,0,0,0,1,0,N,N,6,1,8,1,1,0,0,Y,,,,N,,N,1,10,Nw,RpAIR,Nw,Nw,Pr,ChnLnk,MdSlp,N,7,,07,,0713,none,<Null>,Map 8198 & A&T 3544-J (TOJ for Recreation Purposes),591.996710746409,19037.4436664936
210,Petworth,"Taylor St., between 8th and 9th Sts., NW",REC CENTER GROUNDS,DPR0710,Y,0,0,2,0,0,0,0,0,N,N,3,0,0,1,1,0,0,Y,1,0,0,Y,,N,0,6,Nw,Pr,Nw,RpLACE,Pr,ChnLnk,MdSlp,N,4,,10,Y,0710,none,3025    0812,Subdivision Book 158 Page 11 (TOJ to DC for Recreation purposes),274.320428919451,3864.78226519991
211,Barry Farms Playground,"Martin Luther King Jr. Blvd., between Howard & Summer Rds., SE",REC CENTER GROUNDS,DPR0474,Y,1,0,2,0,0,0,1,0,,,1,1,1,1,1,0,1,N,,,,Y,,N,0,0,RpLACE,RpAIR,RpAIR,RpLACE,RpAIR,ChnLnk,Flt,Y,8,,07,,0474,Birney Elementary School,RES 04740000,Subdivision Book 152 Page 139 (TOJ to DC for Recreation purposes),961.690930595822,26327.5275607027
212,Hayden-Johnson Recreation Center,Hayden-Johnson Rec Ctr.,REC CENTER GROUNDS,DPR0519,Y,1,0,2,0,0,0,1,0,N,N,1,1,4,1,1,0,0,Y,,,,N,,Y,1,6,RpLACE,Nne,RpLACE,RpLACE,RpAIR,ChnLnk,Flt,N,8,,08,,0519,Johnson Middle School,<Null>,"Subdivision Books (121,156,& 190) Page (5,22,& 27)",1203.31496627352,40269.1401207092
213,,"Potomac Ave. and E Street, SE",SMALL PARK,DPR0258,Y,,,,,,,,,,,,,,,,,,,,,,,,,,,,,,,,,,,6,,12,,0258,none,RES 02580000,TOJ for Comp Plan,152.730639527579,921.058872431458
214,Randle Highlands,"3000 R St., SE",PARK,DPR2024,Y,,,,,,,2,,,Y,,,,,,,,,,,,,,,,,,,,,,,,N,7,,07,,none,Randle Highlands Elementary School,5663    0074,,570.707375670025,16509.882923742
215,Friendship,"45th St., Van Ness and Massachusetts Ave., NW",REC CENTER GROUNDS,DPR0613,Y,3,1,2,0,0,0,2,0,N,Y,5,1,7,1,1,0,0,N,0,0,0,N,,N,1,0,Nne,Gd,Nw,RpLACE,Pr,ChnLnk,Flt,Y,3,,02,Y,"0613,0613A",none,MANY,Subdivision Book 158 Page 37 (TOJ for Recreation Purposes),1273.29886318034,41096.0532580476
216,,Anacostia River between Benning Rd. and Railroad Bridge,,DPR0343,Y,,,,,,,,,,,,,,,,,,,,,,,,,,,,,,,,,,N,7,,12,,343F,none,RES 343F0000,,4414.94288539307,185077.677642482
217,Bald Eagle Hill,"Nichols & Southern Aves., SW",REC CENTER GROUNDS,DPR0561,Y,1,0,2,0,0,0,2,0,N,N,1,1,1,1,0,0,0,N,,,,Y,,Y,0,5,RpLACE,Nne,RpLACE,RpLACE,Pr,ChnLnk,Flt,N,8,,08,,0561,none,,Subdivision Book 158 Page 40 (TOJ for Recreation Purposes),607.254072330649,17016.199311804
218,Fort Greble,"South Capitol & 2nd Sts., SE & SW",REC CENTER GROUNDS,DPR0421,Y,0,1,2,1,0,0,1,0,N,Y,0,1,0,1,1,0,0,N,,,,N,,Y,0,3,Nw,Nne,RpAIR,RpLACE,Pr,ChnLnk,MdSlp,N,8,,08,,0421,Leckie Elementary School,,Subdivision Book 158 Page 40 (TOJ to DC for Recreation purposes),712.005481943291,24282.4879888208
219,Fort Stanton,"north of Erie St., between Pearson Pl. & 16th St., SE",REC CENTER GROUNDS,DPR0412,Y,1,0,4,0,0,0,3,0,N,N,2,1,0,1,1,0,1,N,,,,N,,Y,1,1,RpLACE,Nne,Nw,RpLACE,Pr,ChnLnk,MdSlp,N,8,,07,,0412,none,,Subdivision Book 158 Page 34 (TOJ to DC for Recreation purposes),1068.97229499508,44256.6585455381
220,Town Center Park,"4th and I Sts., SW",SMALL PARK,DPR0722,Y,,,,,,,,,,,,,,,,,,,,,,,,,,,,,,,,,,,6,,,,0722,,,AMT - SURVEY OCTOBER 2007 - TOJ to DC for park & recreation purposes FOSET 2008,590.094124987721,4523.47595421471
221,,,,DPR,,,,,,,,,,,,,,,,,,,,,,,,,,,,,,,,,,,,,,,,0179,,RES 01790000,TOJ TO DC,66.9182071955167,256.859007748238
222,Walter Pierce Park,"Adams Mill and Ontario Rds., NW",PARK,DPR2036,Y,,0,1,0,0,1,0,0,N,Y,9,0,6,1,1,0,0,N,0,0,0,Y,,N,1,7,,Pr,Nne,RpLACE,Pr,Ir,Flt,N,1,,04,Y,,,2547    0810,,613.996601677697,16458.4547862624
223,,"1901 Virginia Ave., between north side of 2nd & E Sts., SW",SMALL PARK,DPR,Y,,,,,,,,,,,,,,,,,,,,,,,,,,,,,,,,,,,,,,,0118,,RES 01180000,,169.021145977134,934.478360623714
224,Canal Park,"2nd St., between M and L Sts., SE",PARK,DPR0017D,Y,,,,,,,,,,,,,,,,,,,,,,,,,,,,,,,,,,N,6,,,,017D,,0769    0823,Subdivision Books (148 & 158) Pages (106 & 50) (TOJ for Recreation Purposes),246.967187501511,2821.36106965195
225,Canal Park,"2nd St., between K and L Sts., SE",PARK,DPR0017C,Y,,,,,,,,,,,,,,,,,,,,,,,,,,,,,,,,,,N,6,,,,017C,none,0768    0811,Subdivision Books (148 & 158) Pages (106 & 50) (TOJ for Recreation Purposes),213.543250009418,2315.5510358908
226,Murch Field,Davenport and Reno Rd.,PARK,DPR0515,Y,,,,,,,,,,,,,,,,,,,,,,,,,,,,,,,,,,N,3,,01,,0515,,1980    0814,TOJ TO DC Subdivision Book 106 Page 25,202.367154912892,2443.63489775743
227,Kelly Miller Park,"49th and 50th Sts., Brooks Pl., NE",PARK,DPR0628,Y,2,0,2,0,0,0,3,0,N,,0,0,0,0,0,1,0,N,0,0,0,N,,Y,0,0,RpAIR,Nne,RpLACE,RpLACE,Pr,ChnLnk,Flt,N,7,,13,N,0628,Kelly Miller Middle School,<Null>,"Subdivision 158, Page 37.  TOJ to DC for recreation purposes",1121.41391558816,59370.0538065614
228,Fletcher-Johnson,"Benning Rd., C St., and St Louis St. SE",PARK,DPR2122,Y,,,,,,,,,,,,,,,,,,,,,,,,,,,,,,,,,,N,7,,,,none,none,5344    0802,,738.59148507524,30169.8605765578
229,Douglass Recreation Center,Douglass Rec Ctr. (Ft. Stanton Park to St. Elizabeth Hospital),REC CENTER GROUNDS,DPR0519,Y,1,0,2,0,0,0,0,0,N,N,1,1,4,1,1,0,1,Y,,,,N,,Y,1,6,RpLACE,Nne,RpLACE,RpLACE,RpAIR,ChnLnk,Flt,N,8,,08,,0519,none,,"Subdivision 158, Page 34.  TOJ to DC for recreation purposes",702.131334150681,21504.7296205136
230,Triangle,"Pennsylvania Ave., between 8th, 9th St. and South Carolina Ave., SE",TRIANGLE,DPR,,,,,,,,,,,,,,,,,,,,,,,,,,,,,,,,,,,,,,,,"0048,0049",none,<Null>,"Subdivision 204, Page 198. GAO Federal Real Property Report.  TOJ to DC for Parks, Recreation & Open Space",417.803744383339,3617.9476265818
231,Triangle,"Pennsylvania Ave., east of 8th St., SE",TRIANGLE,DPR0047,Y,,,,,,,,,,,,,,,,,,,,,,,,,,,,,,,,,,,,,,,0047,none,<Null>,"Subdivision 204, Page 198. GAO Federal Real Property Report.  TOJ to DC for Parks, Recreation & Open Space",47.0421843895424,82.5793206572983
232,Triangle,"Pennsylvania Ave., west of 8th and D Sts., SE",TRIANGLE,DPR0046,,,,,,,,,,,,,,,,,,,,,,,,,,,,,,,,,,,,,,,,0046,none,<Null>,"Subdivision 204, Page 198. GAO Federal Real Property Report.  TOJ to DC for Parks, Recreation & Open Space",59.7651315574894,132.031914952748
233,Lafayette,"Broad Branch Rd., between Quesada and 33rd Sts., NW",REC CENTER GROUNDS,DPR0473,Y,1,,,,,,2,0,N,N,5,1,8,1,1,0,0,N,,,,N,,N,3,19,Nne,Gd,Nw,RpLACE,Pr,Nne,MdSlp,N,4,,01,,0473,Lafayette Elementary School,2011    0806,"Subdivision 158, Page 37, TOJ to DC for Recreation Purposes",851.782088697164,27101.8110003539
234,Marie Reed,"18th St. and Kalorama Rd., NW",REC CENTER GROUNDS,DPR2021,Y,0,0,2,0,0,0,2,0,N,N,0,0,4,1,0,0,0,N,0,0,0,Y,,N,0,4,RpLACE,RpLACE,Nw,RpLACE,RpAIR,ChnLnk,MdSlp,N,1,,04,,0664,Marie Reed Learning Center,,"Subdivision 158, Page 28.  TOJ to DC for recreation purposes",557.653641436591,6707.23725950828
235,Anacostia Recreation Center,1800 Anacostia Drive SE,REC CENTER GROUNDS,DPR2020,Y,,,,,,,9,,,,,,,1,,,1,,,,,,,,,,,,,,,,,,6,,,,343D,none,PAR 02550019,Tennis courts are NPS responsiblity,1165.81088114495,44112.7058978929
236,Oxon Run Park,"Mississippi Ave., between 1st St. and Southern Ave., SE",LARGE PARK,DPR0501,Y,2,,2,,,,10,,,,,,,4,,,,,,,,,,,,,,,,,,,,N,8,,08,,0501,Simon Elementary School,RES 05010000,"Subdivision 158, Page 36,128, Page 146,136, Page 93,144, Page 48 Referenced for this TOJ to DC for recreation purposes.",7343.68293745143,421162.539421752
237,Oxon Run Park,"Mississippi Ave., between 1st St. and Southern Ave., SE",PARK,DPR,,,,,,,,,,,,,,,,,,,,,,,,,,,,,,,,,,,,,,,,,,,Subdivision Book 158 Page 36. TOJ for recreation and related purposes.,1510.34763449969,69410.9736704825
238,,100 Block of Xenia St SE,TRIANGLE,DPR,,,,,,,,,,,,,,,,,,,,,,,,,,,,,,,,,,,,,,,,,,6128    0808,Subdivision Book 158 Page 36. TOJ for recreation and related purposes.,47.5389887038194,73.9159947010332
239,,100 Block of Yuma St SE,TRIANGLE,DPR,,,,,,,,,,,,,,,,,,,,,,,,,,,,,,,,,,,,,,,,,,6128    0811,Subdivision Book 158 Page 36. TOJ for recreation and related purposes.,105.876635584061,508.764688220871
240,,100 Block of Xenia St SE,TRIANGLE,DPR,,,,,,,,,,,,,,,,,,,,,,,,,,,,,,,,,,,,,,,,,,6128N   0805,Subdivision Book 158 Page 36. TOJ for recreation and related purposes.,86.9672886349407,157.593607492453
241,,13th Street and Mississippi Ave SE,PARK,DPR,,,,,,,,,,,,,,,,,,,,,,,,,,,,,,,,,,,,,,,,,,,"Subdivision Book 141 Page 66, Subdivision Book 158 Page 36. TOJ for recreation and related purposes.",585.723743802963,16002.3331940556
242,Fort Reno,"Nebraska Ave., between Fessenden and Chesapeake Sts., NW",PARK,DPR2052,,,,,,,,,,,,,,,,,,,,,,,,,,,,,,,,,,,,,,01,,0470,Woodrow Senior High School,<Null>,"Subdivision Book 129, Page 27, and Book 205 Page 138. TOJ to DC for Parks, Recreation and Open Space. ",3793.22228431884,163902.420035108
